<?xml version="1.0" encoding="UTF-8"?>
<export version="D">
  <design>
    <source>/home/dig/nanoPiFire2A/hardware/telefoon/telefoon/telefoon.sch</source>
    <date>ma 04 mrt 2019 14:06:55 CET</date>
    <tool>Eeschema 5.0.2-bee76a0~70~ubuntu18.04.1</tool>
    <sheet number="1" name="/" tstamps="/">
      <title_block>
        <title/>
        <company/>
        <rev/>
        <date/>
        <source>telefoon.sch</source>
        <comment number="1" value=""/>
        <comment number="2" value=""/>
        <comment number="3" value=""/>
        <comment number="4" value=""/>
      </title_block>
    </sheet>
  </design>
  <components>
    <comp ref="J5">
      <value>Pinheader 2x20 long pins</value>
      <datasheet>~</datasheet>
      <libsource lib="telefoon-rescue" part="Conn_02x20_Odd_Even-Connector_Generic" description=""/>
      <sheetpath names="/" tstamps="/"/>
      <tstamp>5C6FCE5E</tstamp>
    </comp>
    <comp ref="J4">
      <value>24V in</value>
      <datasheet>~</datasheet>
      <libsource lib="telefoon-rescue" part="Conn_01x02-Connector_Generic" description=""/>
      <sheetpath names="/" tstamps="/"/>
      <tstamp>5C6FFC2B</tstamp>
    </comp>
    <comp ref="F1">
      <value>0.5A</value>
      <datasheet>~</datasheet>
      <libsource lib="telefoon-rescue" part="Polyfuse-Device" description=""/>
      <sheetpath names="/" tstamps="/"/>
      <tstamp>5C700160</tstamp>
    </comp>
    <comp ref="D1">
      <value>1N4007</value>
      <footprint>Diode_THT:D_DO-41_SOD81_P10.16mm_Horizontal</footprint>
      <datasheet>http://www.vishay.com/docs/88503/1n4001.pdf</datasheet>
      <libsource lib="telefoon-rescue" part="1N4007-Diode" description=""/>
      <sheetpath names="/" tstamps="/"/>
      <tstamp>5C7002A3</tstamp>
    </comp>
    <comp ref="FL1">
      <value>EMI_Filter_CommonMode</value>
      <datasheet>~</datasheet>
      <libsource lib="telefoon-rescue" part="EMI_Filter_CommonMode-Device" description=""/>
      <sheetpath names="/" tstamps="/"/>
      <tstamp>5C700391</tstamp>
    </comp>
    <comp ref="C1">
      <value>47u35V</value>
      <datasheet>~</datasheet>
      <libsource lib="telefoon-rescue" part="CP-Device" description=""/>
      <sheetpath names="/" tstamps="/"/>
      <tstamp>5C700677</tstamp>
    </comp>
    <comp ref="J1">
      <value>Conn_02x10_Odd_Even</value>
      <datasheet>~</datasheet>
      <libsource lib="telefoon-rescue" part="Conn_02x10_Odd_Even-Connector_Generic" description=""/>
      <sheetpath names="/" tstamps="/"/>
      <tstamp>5C707CD7</tstamp>
    </comp>
    <comp ref="R1">
      <value>270E</value>
      <datasheet>~</datasheet>
      <libsource lib="telefoon-rescue" part="R-Device" description=""/>
      <sheetpath names="/" tstamps="/"/>
      <tstamp>5C70AA93</tstamp>
    </comp>
    <comp ref="R2">
      <value>270E</value>
      <datasheet>~</datasheet>
      <libsource lib="telefoon-rescue" part="R-Device" description=""/>
      <sheetpath names="/" tstamps="/"/>
      <tstamp>5C70AB97</tstamp>
    </comp>
    <comp ref="R3">
      <value>270E</value>
      <datasheet>~</datasheet>
      <libsource lib="telefoon-rescue" part="R-Device" description=""/>
      <sheetpath names="/" tstamps="/"/>
      <tstamp>5C70ABE1</tstamp>
    </comp>
    <comp ref="R4">
      <value>270E</value>
      <footprint>Resistor_THT:R_Axial_DIN0309_L9.0mm_D3.2mm_P12.70mm_Horizontal</footprint>
      <datasheet>~</datasheet>
      <libsource lib="telefoon-rescue" part="R-Device" description=""/>
      <sheetpath names="/" tstamps="/"/>
      <tstamp>5C70AC5E</tstamp>
    </comp>
    <comp ref="Amp1">
      <value>2x5WAmp</value>
      <footprint>Intercom:PAM8304module</footprint>
      <libsource lib="telefoon-rescue" part="2x5WAmp-klp" description=""/>
      <sheetpath names="/" tstamps="/"/>
      <tstamp>5C7123A7</tstamp>
    </comp>
    <comp ref="U1">
      <value>555</value>
      <libsource lib="telefoon-rescue" part="555-klp" description=""/>
      <sheetpath names="/" tstamps="/"/>
      <tstamp>5C711187</tstamp>
    </comp>
    <comp ref="C3">
      <value>47u35V</value>
      <datasheet>~</datasheet>
      <libsource lib="telefoon-rescue" part="CP-Device" description=""/>
      <sheetpath names="/" tstamps="/"/>
      <tstamp>5C7118B3</tstamp>
    </comp>
    <comp ref="T1">
      <value>SI9435</value>
      <libsource lib="telefoon-rescue" part="SI9435-klp" description=""/>
      <sheetpath names="/" tstamps="/"/>
      <tstamp>5C71CB6D</tstamp>
    </comp>
    <comp ref="C2">
      <value>47u35V</value>
      <datasheet>~</datasheet>
      <libsource lib="telefoon-rescue" part="CP-Device" description=""/>
      <sheetpath names="/" tstamps="/"/>
      <tstamp>5C72221D</tstamp>
    </comp>
    <comp ref="D2">
      <value>1N4007</value>
      <footprint>Diode_THT:D_DO-41_SOD81_P10.16mm_Horizontal</footprint>
      <datasheet>http://www.vishay.com/docs/88503/1n4001.pdf</datasheet>
      <libsource lib="telefoon-rescue" part="1N4007-Diode" description=""/>
      <sheetpath names="/" tstamps="/"/>
      <tstamp>5C72BC4A</tstamp>
    </comp>
    <comp ref="R5">
      <value>10k</value>
      <datasheet>~</datasheet>
      <libsource lib="telefoon-rescue" part="R-Device" description=""/>
      <sheetpath names="/" tstamps="/"/>
      <tstamp>5C7116DA</tstamp>
    </comp>
    <comp ref="J6">
      <value>ethernet switch power</value>
      <datasheet>~</datasheet>
      <libsource lib="telefoon-rescue" part="Conn_01x02-Connector_Generic" description=""/>
      <sheetpath names="/" tstamps="/"/>
      <tstamp>5C7A75B2</tstamp>
    </comp>
    <comp ref="DCDC1">
      <value>DCDC-5V3A</value>
      <libsource lib="telefoonsymbols" part="DCDC-5V3A" description=""/>
      <sheetpath names="/" tstamps="/"/>
      <tstamp>5C7E635B</tstamp>
    </comp>
    <comp ref="T2">
      <value>2SJ529</value>
      <footprint>Package_TO_SOT_SMD:TO-252-2</footprint>
      <datasheet>http://www.farnell.com/datasheets/1835997.pdf</datasheet>
      <libsource lib="Transistor_FET" part="BSS83P" description="-0.33A Id, -60V Vds, P-Channel MOSFET, SOT-23-3"/>
      <sheetpath names="/" tstamps="/"/>
      <tstamp>5C7F6DAB</tstamp>
    </comp>
    <comp ref="SND1">
      <value>USBsoundcard</value>
      <footprint>Intercom:USB-soundcard</footprint>
      <libsource lib="telefoonsymbols" part="USBsoundcard" description=""/>
      <sheetpath names="/" tstamps="/"/>
      <tstamp>5C82AB67</tstamp>
    </comp>
    <comp ref="SP1">
      <value>loudspeaker</value>
      <footprint>Intercom:loudspeaker45mm</footprint>
      <libsource lib="telefoonsymbols" part="loudspeaker" description=""/>
      <sheetpath names="/" tstamps="/"/>
      <tstamp>5C82AD1D</tstamp>
    </comp>
    <comp ref="TP7">
      <value>TestPoint</value>
      <footprint>TestPoint:TestPoint_THTPad_3.0x3.0mm_Drill1.5mm</footprint>
      <datasheet>~</datasheet>
      <libsource lib="Connector" part="TestPoint" description="test point"/>
      <sheetpath names="/" tstamps="/"/>
      <tstamp>5C8806E6</tstamp>
    </comp>
    <comp ref="TP6">
      <value>TestPoint</value>
      <footprint>TestPoint:TestPoint_THTPad_3.0x3.0mm_Drill1.5mm</footprint>
      <datasheet>~</datasheet>
      <libsource lib="Connector" part="TestPoint" description="test point"/>
      <sheetpath names="/" tstamps="/"/>
      <tstamp>5C885ECD</tstamp>
    </comp>
    <comp ref="TP8">
      <value>TestPoint</value>
      <footprint>TestPoint:TestPoint_THTPad_3.0x3.0mm_Drill1.5mm</footprint>
      <datasheet>~</datasheet>
      <libsource lib="Connector" part="TestPoint" description="test point"/>
      <sheetpath names="/" tstamps="/"/>
      <tstamp>5C88B2A6</tstamp>
    </comp>
    <comp ref="TP5">
      <value>TestPoint</value>
      <footprint>TestPoint:TestPoint_THTPad_3.0x3.0mm_Drill1.5mm</footprint>
      <datasheet>~</datasheet>
      <libsource lib="Connector" part="TestPoint" description="test point"/>
      <sheetpath names="/" tstamps="/"/>
      <tstamp>5C89067D</tstamp>
    </comp>
    <comp ref="TP2">
      <value>TestPoint</value>
      <footprint>TestPoint:TestPoint_THTPad_3.0x3.0mm_Drill1.5mm</footprint>
      <datasheet>~</datasheet>
      <libsource lib="Connector" part="TestPoint" description="test point"/>
      <sheetpath names="/" tstamps="/"/>
      <tstamp>5C895A46</tstamp>
    </comp>
    <comp ref="TP1">
      <value>TestPoint</value>
      <footprint>TestPoint:TestPoint_THTPad_3.0x3.0mm_Drill1.5mm</footprint>
      <datasheet>~</datasheet>
      <libsource lib="Connector" part="TestPoint" description="test point"/>
      <sheetpath names="/" tstamps="/"/>
      <tstamp>5C89AEC3</tstamp>
    </comp>
    <comp ref="TP4">
      <value>TestPoint</value>
      <footprint>TestPoint:TestPoint_THTPad_3.0x3.0mm_Drill1.5mm</footprint>
      <datasheet>~</datasheet>
      <libsource lib="Connector" part="TestPoint" description="test point"/>
      <sheetpath names="/" tstamps="/"/>
      <tstamp>5C8C1AFE</tstamp>
    </comp>
    <comp ref="TP3">
      <value>TestPoint</value>
      <footprint>TestPoint:TestPoint_THTPad_3.0x3.0mm_Drill1.5mm</footprint>
      <datasheet>~</datasheet>
      <libsource lib="Connector" part="TestPoint" description="test point"/>
      <sheetpath names="/" tstamps="/"/>
      <tstamp>5C8C1B05</tstamp>
    </comp>
  </components>
  <libparts>
    <libpart lib="Connector" part="TestPoint">
      <description>test point</description>
      <docs>~</docs>
      <footprints>
        <fp>Pin*</fp>
        <fp>Test*</fp>
      </footprints>
      <fields>
        <field name="Reference">TP</field>
        <field name="Value">TestPoint</field>
      </fields>
      <pins>
        <pin num="1" name="1" type="passive"/>
      </pins>
    </libpart>
    <libpart lib="Transistor_FET" part="TP0610T">
      <aliases>
        <alias>VP0610T</alias>
        <alias>BSS84</alias>
        <alias>NTR2101P</alias>
        <alias>BSS83P</alias>
        <alias>Si2319CDS</alias>
        <alias>IRLML6402</alias>
      </aliases>
      <description>-0.18A Id, -60V Vds, P-Channel MOSFET, SOT-23-3</description>
      <docs>http://www.vishay.com/docs/70209/70209.pdf</docs>
      <footprints>
        <fp>SOT?23*</fp>
      </footprints>
      <fields>
        <field name="Reference">Q</field>
        <field name="Value">TP0610T</field>
        <field name="Footprint">Package_TO_SOT_SMD:SOT-23</field>
      </fields>
      <pins>
        <pin num="1" name="G" type="input"/>
        <pin num="2" name="S" type="passive"/>
        <pin num="3" name="D" type="passive"/>
      </pins>
    </libpart>
    <libpart lib="telefoon-rescue" part="1N4007-Diode">
      <footprints>
        <fp>D*DO?41*</fp>
      </footprints>
      <fields>
        <field name="Reference">D</field>
        <field name="Value">1N4007-Diode</field>
        <field name="Footprint">Diode_THT:D_DO-41_SOD81_P10.16mm_Horizontal</field>
      </fields>
      <pins>
        <pin num="1" name="K" type="passive"/>
        <pin num="2" name="A" type="passive"/>
      </pins>
    </libpart>
    <libpart lib="telefoon-rescue" part="2x5WAmp-klp">
      <fields>
        <field name="Reference">Amp</field>
        <field name="Value">2x5WAmp-klp</field>
      </fields>
      <pins>
        <pin num="1" name="L_in" type="passive"/>
        <pin num="2" name="Gnd" type="passive"/>
        <pin num="3" name="R_in" type="passive"/>
        <pin num="4" name="5V" type="passive"/>
        <pin num="5" name="Gnd" type="passive"/>
        <pin num="6" name="OutR_-" type="passive"/>
        <pin num="7" name="OutR_+" type="passive"/>
        <pin num="8" name="OutL_+" type="passive"/>
        <pin num="9" name="OutL_-" type="passive"/>
      </pins>
    </libpart>
    <libpart lib="telefoon-rescue" part="555-klp">
      <fields>
        <field name="Reference">U</field>
        <field name="Value">555-klp</field>
      </fields>
      <pins>
        <pin num="1" name="gnd" type="input"/>
        <pin num="2" name="trig" type="input"/>
        <pin num="3" name="out" type="input"/>
        <pin num="4" name="#reset" type="input"/>
        <pin num="5" name="cont" type="input"/>
        <pin num="6" name="thres" type="input"/>
        <pin num="7" name="disc" type="input"/>
        <pin num="8" name="VCC" type="input"/>
      </pins>
    </libpart>
    <libpart lib="telefoon-rescue" part="CP-Device">
      <footprints>
        <fp>CP_*</fp>
      </footprints>
      <fields>
        <field name="Reference">C</field>
        <field name="Value">CP-Device</field>
      </fields>
      <pins>
        <pin num="1" name="~" type="passive"/>
        <pin num="2" name="~" type="passive"/>
      </pins>
    </libpart>
    <libpart lib="telefoon-rescue" part="Conn_01x02-Connector_Generic">
      <footprints>
        <fp>Connector*:*_1x??_*</fp>
      </footprints>
      <fields>
        <field name="Reference">J</field>
        <field name="Value">Conn_01x02-Connector_Generic</field>
      </fields>
      <pins>
        <pin num="1" name="Pin_1" type="passive"/>
        <pin num="2" name="Pin_2" type="passive"/>
      </pins>
    </libpart>
    <libpart lib="telefoon-rescue" part="Conn_02x10_Odd_Even-Connector_Generic">
      <footprints>
        <fp>Connector*:*_2x??_*</fp>
      </footprints>
      <fields>
        <field name="Reference">J</field>
        <field name="Value">Conn_02x10_Odd_Even-Connector_Generic</field>
      </fields>
      <pins>
        <pin num="1" name="Pin_1" type="passive"/>
        <pin num="2" name="Pin_2" type="passive"/>
        <pin num="3" name="Pin_3" type="passive"/>
        <pin num="4" name="Pin_4" type="passive"/>
        <pin num="5" name="Pin_5" type="passive"/>
        <pin num="6" name="Pin_6" type="passive"/>
        <pin num="7" name="Pin_7" type="passive"/>
        <pin num="8" name="Pin_8" type="passive"/>
        <pin num="9" name="Pin_9" type="passive"/>
        <pin num="10" name="Pin_10" type="passive"/>
        <pin num="11" name="Pin_11" type="passive"/>
        <pin num="12" name="Pin_12" type="passive"/>
        <pin num="13" name="Pin_13" type="passive"/>
        <pin num="14" name="Pin_14" type="passive"/>
        <pin num="15" name="Pin_15" type="passive"/>
        <pin num="16" name="Pin_16" type="passive"/>
        <pin num="17" name="Pin_17" type="passive"/>
        <pin num="18" name="Pin_18" type="passive"/>
        <pin num="19" name="Pin_19" type="passive"/>
        <pin num="20" name="Pin_20" type="passive"/>
      </pins>
    </libpart>
    <libpart lib="telefoon-rescue" part="Conn_02x20_Odd_Even-Connector_Generic">
      <footprints>
        <fp>Connector*:*_2x??_*</fp>
      </footprints>
      <fields>
        <field name="Reference">J</field>
        <field name="Value">Conn_02x20_Odd_Even-Connector_Generic</field>
      </fields>
      <pins>
        <pin num="1" name="Pin_1" type="passive"/>
        <pin num="2" name="Pin_2" type="passive"/>
        <pin num="3" name="Pin_3" type="passive"/>
        <pin num="4" name="Pin_4" type="passive"/>
        <pin num="5" name="Pin_5" type="passive"/>
        <pin num="6" name="Pin_6" type="passive"/>
        <pin num="7" name="Pin_7" type="passive"/>
        <pin num="8" name="Pin_8" type="passive"/>
        <pin num="9" name="Pin_9" type="passive"/>
        <pin num="10" name="Pin_10" type="passive"/>
        <pin num="11" name="Pin_11" type="passive"/>
        <pin num="12" name="Pin_12" type="passive"/>
        <pin num="13" name="Pin_13" type="passive"/>
        <pin num="14" name="Pin_14" type="passive"/>
        <pin num="15" name="Pin_15" type="passive"/>
        <pin num="16" name="Pin_16" type="passive"/>
        <pin num="17" name="Pin_17" type="passive"/>
        <pin num="18" name="Pin_18" type="passive"/>
        <pin num="19" name="Pin_19" type="passive"/>
        <pin num="20" name="Pin_20" type="passive"/>
        <pin num="21" name="Pin_21" type="passive"/>
        <pin num="22" name="Pin_22" type="passive"/>
        <pin num="23" name="Pin_23" type="passive"/>
        <pin num="24" name="Pin_24" type="passive"/>
        <pin num="25" name="Pin_25" type="passive"/>
        <pin num="26" name="Pin_26" type="passive"/>
        <pin num="27" name="Pin_27" type="passive"/>
        <pin num="28" name="Pin_28" type="passive"/>
        <pin num="29" name="Pin_29" type="passive"/>
        <pin num="30" name="Pin_30" type="passive"/>
        <pin num="31" name="Pin_31" type="passive"/>
        <pin num="32" name="Pin_32" type="passive"/>
        <pin num="33" name="Pin_33" type="passive"/>
        <pin num="34" name="Pin_34" type="passive"/>
        <pin num="35" name="Pin_35" type="passive"/>
        <pin num="36" name="Pin_36" type="passive"/>
        <pin num="37" name="Pin_37" type="passive"/>
        <pin num="38" name="Pin_38" type="passive"/>
        <pin num="39" name="Pin_39" type="passive"/>
        <pin num="40" name="Pin_40" type="passive"/>
      </pins>
    </libpart>
    <libpart lib="telefoon-rescue" part="EMI_Filter_CommonMode-Device">
      <footprints>
        <fp>L_*</fp>
        <fp>L_CommonMode*</fp>
      </footprints>
      <fields>
        <field name="Reference">FL</field>
        <field name="Value">EMI_Filter_CommonMode-Device</field>
      </fields>
      <pins>
        <pin num="1" name="1" type="passive"/>
        <pin num="2" name="2" type="passive"/>
        <pin num="3" name="3" type="passive"/>
        <pin num="4" name="4" type="passive"/>
      </pins>
    </libpart>
    <libpart lib="telefoon-rescue" part="Polyfuse-Device">
      <footprints>
        <fp>*polyfuse*</fp>
        <fp>*PTC*</fp>
      </footprints>
      <fields>
        <field name="Reference">F</field>
        <field name="Value">Polyfuse-Device</field>
      </fields>
      <pins>
        <pin num="1" name="~" type="passive"/>
        <pin num="2" name="~" type="passive"/>
      </pins>
    </libpart>
    <libpart lib="telefoon-rescue" part="R-Device">
      <footprints>
        <fp>R_*</fp>
      </footprints>
      <fields>
        <field name="Reference">R</field>
        <field name="Value">R-Device</field>
      </fields>
      <pins>
        <pin num="1" name="~" type="passive"/>
        <pin num="2" name="~" type="passive"/>
      </pins>
    </libpart>
    <libpart lib="telefoon-rescue" part="SI9435-klp">
      <fields>
        <field name="Reference">T</field>
        <field name="Value">SI9435-klp</field>
      </fields>
      <pins>
        <pin num="1" name="~" type="input"/>
        <pin num="2" name="~" type="input"/>
        <pin num="3" name="~" type="input"/>
        <pin num="4" name="~" type="input"/>
        <pin num="5" name="~" type="input"/>
        <pin num="6" name="~" type="input"/>
        <pin num="7" name="~" type="input"/>
        <pin num="8" name="~" type="input"/>
      </pins>
    </libpart>
    <libpart lib="telefoonsymbols" part="DCDC-5V3A">
      <fields>
        <field name="Reference">DCDC</field>
        <field name="Value">DCDC-5V3A</field>
      </fields>
      <pins>
        <pin num="1" name="GND" type="input"/>
        <pin num="2" name="GND" type="input"/>
        <pin num="3" name="Vin" type="input"/>
        <pin num="4" name="Vin" type="input"/>
        <pin num="5" name="5V" type="output"/>
        <pin num="6" name="5V" type="output"/>
        <pin num="7" name="GND" type="output"/>
        <pin num="8" name="GND" type="passive"/>
      </pins>
    </libpart>
    <libpart lib="telefoonsymbols" part="USBsoundcard">
      <fields>
        <field name="Reference">SND</field>
        <field name="Value">USBsoundcard</field>
      </fields>
      <pins>
        <pin num="1" name="mic_L" type="passive"/>
        <pin num="2" name="mic_gnd" type="passive"/>
        <pin num="3" name="mic_R" type="passive"/>
        <pin num="4" name="spkr-L" type="passive"/>
        <pin num="5" name="spkr-gnd" type="passive"/>
        <pin num="6" name="spkr-R" type="passive"/>
      </pins>
    </libpart>
    <libpart lib="telefoonsymbols" part="loudspeaker">
      <fields>
        <field name="Reference">SP</field>
        <field name="Value">loudspeaker</field>
      </fields>
      <pins>
        <pin num="1" name="~" type="passive"/>
        <pin num="2" name="~" type="passive"/>
      </pins>
    </libpart>
  </libparts>
  <libraries>
    <library logical="Connector">
      <uri>/home/dig/kicad/libs/kicad-symbols-master/Connector.lib</uri>
    </library>
    <library logical="Transistor_FET">
      <uri>/home/dig/kicad/libs/kicad-symbols-master/Transistor_FET.lib</uri>
    </library>
    <library logical="telefoon-rescue">
      <uri>/home/dig/nanoPiFire2A/hardware/telefoon/telefoon/telefoon-rescue.lib</uri>
    </library>
    <library logical="telefoonsymbols">
      <uri>/home/dig/nanoPiFire2A/hardware/telefoon/telefoon/telefoonsymbols.lib</uri>
    </library>
  </libraries>
  <nets>
    <net code="1" name="Net-(C3-Pad1)">
      <node ref="D2" pin="2"/>
      <node ref="R5" pin="2"/>
      <node ref="U1" pin="2"/>
      <node ref="U1" pin="6"/>
      <node ref="C3" pin="1"/>
    </net>
    <net code="2" name="GNDD">
      <node ref="J5" pin="5"/>
      <node ref="J5" pin="40"/>
      <node ref="Amp1" pin="5"/>
      <node ref="U1" pin="1"/>
      <node ref="DCDC1" pin="8"/>
      <node ref="J1" pin="10"/>
      <node ref="DCDC1" pin="7"/>
      <node ref="J6" pin="2"/>
      <node ref="SND1" pin="2"/>
      <node ref="TP8" pin="1"/>
      <node ref="J5" pin="26"/>
      <node ref="J5" pin="13"/>
      <node ref="J1" pin="4"/>
      <node ref="C3" pin="2"/>
      <node ref="C2" pin="2"/>
      <node ref="J1" pin="8"/>
      <node ref="J1" pin="2"/>
      <node ref="J1" pin="18"/>
    </net>
    <net code="3" name="/handset_sprk1">
      <node ref="Amp1" pin="7"/>
      <node ref="J1" pin="6"/>
    </net>
    <net code="4" name="VDD">
      <node ref="C2" pin="1"/>
      <node ref="Amp1" pin="4"/>
      <node ref="J5" pin="1"/>
      <node ref="J6" pin="1"/>
      <node ref="T2" pin="3"/>
      <node ref="T1" pin="8"/>
      <node ref="TP6" pin="1"/>
      <node ref="T1" pin="5"/>
      <node ref="T1" pin="7"/>
      <node ref="J5" pin="3"/>
      <node ref="T1" pin="6"/>
    </net>
    <net code="5" name="+5V">
      <node ref="DCDC1" pin="5"/>
      <node ref="DCDC1" pin="6"/>
      <node ref="T2" pin="2"/>
      <node ref="J1" pin="11"/>
      <node ref="R5" pin="1"/>
      <node ref="D2" pin="1"/>
      <node ref="U1" pin="4"/>
      <node ref="TP7" pin="1"/>
      <node ref="U1" pin="8"/>
      <node ref="T1" pin="1"/>
      <node ref="T1" pin="2"/>
      <node ref="T1" pin="3"/>
    </net>
    <net code="6" name="Net-(U1-Pad7)">
      <node ref="U1" pin="7"/>
    </net>
    <net code="7" name="Net-(U1-Pad5)">
      <node ref="U1" pin="5"/>
    </net>
    <net code="8" name="Net-(T1-Pad4)">
      <node ref="T2" pin="1"/>
      <node ref="T1" pin="4"/>
      <node ref="U1" pin="3"/>
    </net>
    <net code="9" name="/handset_mic">
      <node ref="J1" pin="9"/>
      <node ref="SND1" pin="1"/>
      <node ref="SND1" pin="3"/>
    </net>
    <net code="10" name="Net-(Amp1-Pad3)">
      <node ref="Amp1" pin="3"/>
      <node ref="SND1" pin="6"/>
    </net>
    <net code="11" name="Net-(Amp1-Pad2)">
      <node ref="SND1" pin="5"/>
      <node ref="Amp1" pin="2"/>
    </net>
    <net code="12" name="Net-(Amp1-Pad1)">
      <node ref="Amp1" pin="1"/>
      <node ref="SND1" pin="4"/>
    </net>
    <net code="13" name="Net-(Amp1-Pad8)">
      <node ref="TP2" pin="1"/>
      <node ref="Amp1" pin="8"/>
      <node ref="SP1" pin="2"/>
    </net>
    <net code="14" name="Net-(Amp1-Pad9)">
      <node ref="Amp1" pin="9"/>
      <node ref="TP1" pin="1"/>
      <node ref="SP1" pin="1"/>
    </net>
    <net code="15" name="/handset_spkr2">
      <node ref="Amp1" pin="6"/>
      <node ref="TP4" pin="1"/>
      <node ref="J1" pin="5"/>
    </net>
    <net code="16" name="Net-(TP3-Pad1)">
      <node ref="TP3" pin="1"/>
    </net>
    <net code="17" name="Net-(C1-Pad1)">
      <node ref="FL1" pin="2"/>
      <node ref="DCDC1" pin="3"/>
      <node ref="C1" pin="1"/>
      <node ref="DCDC1" pin="4"/>
    </net>
    <net code="20" name="Net-(FL1-Pad3)">
      <node ref="J4" pin="2"/>
      <node ref="FL1" pin="3"/>
    </net>
    <net code="21" name="Net-(C1-Pad2)">
      <node ref="DCDC1" pin="2"/>
      <node ref="DCDC1" pin="1"/>
      <node ref="FL1" pin="4"/>
      <node ref="C1" pin="2"/>
    </net>
    <net code="22" name="Net-(D1-Pad1)">
      <node ref="FL1" pin="1"/>
      <node ref="D1" pin="1"/>
    </net>
    <net code="23" name="Net-(D1-Pad2)">
      <node ref="D1" pin="2"/>
      <node ref="F1" pin="1"/>
    </net>
    <net code="24" name="Net-(F1-Pad2)">
      <node ref="J4" pin="1"/>
      <node ref="F1" pin="2"/>
    </net>
    <net code="25" name="/GPIO59">
      <node ref="R2" pin="2"/>
      <node ref="J5" pin="17"/>
      <node ref="J1" pin="3"/>
    </net>
    <net code="26" name="/GPIO58">
      <node ref="R1" pin="2"/>
      <node ref="J5" pin="25"/>
      <node ref="J1" pin="1"/>
    </net>
    <net code="27" name="/GPIO69">
      <node ref="J5" pin="32"/>
    </net>
    <net code="28" name="/GPIO70">
      <node ref="J5" pin="30"/>
    </net>
    <net code="29" name="/GPIO61">
      <node ref="R4" pin="2"/>
      <node ref="J5" pin="16"/>
      <node ref="J1" pin="20"/>
    </net>
    <net code="30" name="/GPIO60">
      <node ref="R3" pin="2"/>
      <node ref="J1" pin="7"/>
      <node ref="J5" pin="14"/>
    </net>
    <net code="31" name="Net-(J5-Pad20)">
      <node ref="J5" pin="20"/>
    </net>
    <net code="32" name="Net-(J5-Pad29)">
      <node ref="J5" pin="29"/>
    </net>
    <net code="33" name="Net-(J5-Pad28)">
      <node ref="J5" pin="28"/>
    </net>
    <net code="34" name="Net-(J5-Pad27)">
      <node ref="J5" pin="27"/>
    </net>
    <net code="35" name="Net-(J5-Pad24)">
      <node ref="J5" pin="24"/>
    </net>
    <net code="36" name="Net-(J5-Pad23)">
      <node ref="J5" pin="23"/>
    </net>
    <net code="37" name="Net-(J5-Pad22)">
      <node ref="J5" pin="22"/>
    </net>
    <net code="38" name="Net-(J5-Pad21)">
      <node ref="J5" pin="21"/>
    </net>
    <net code="39" name="Net-(J5-Pad31)">
      <node ref="J5" pin="31"/>
    </net>
    <net code="40" name="Net-(J5-Pad19)">
      <node ref="J5" pin="19"/>
    </net>
    <net code="41" name="+3V3">
      <node ref="R4" pin="1"/>
      <node ref="TP5" pin="1"/>
      <node ref="R1" pin="1"/>
      <node ref="J5" pin="2"/>
      <node ref="J5" pin="18"/>
      <node ref="R2" pin="1"/>
      <node ref="R3" pin="1"/>
    </net>
    <net code="42" name="Net-(J5-Pad15)">
      <node ref="J5" pin="15"/>
    </net>
    <net code="43" name="Net-(J5-Pad12)">
      <node ref="J5" pin="12"/>
    </net>
    <net code="44" name="Net-(J5-Pad11)">
      <node ref="J5" pin="11"/>
    </net>
    <net code="45" name="Net-(J5-Pad10)">
      <node ref="J5" pin="10"/>
    </net>
    <net code="46" name="Net-(J5-Pad6)">
      <node ref="J5" pin="6"/>
    </net>
    <net code="47" name="Net-(J5-Pad9)">
      <node ref="J5" pin="9"/>
    </net>
    <net code="48" name="Net-(J5-Pad8)">
      <node ref="J5" pin="8"/>
    </net>
    <net code="49" name="Net-(J5-Pad7)">
      <node ref="J5" pin="7"/>
    </net>
    <net code="50" name="Net-(J5-Pad4)">
      <node ref="J5" pin="4"/>
    </net>
    <net code="51" name="Net-(J5-Pad39)">
      <node ref="J5" pin="39"/>
    </net>
    <net code="52" name="Net-(J5-Pad38)">
      <node ref="J5" pin="38"/>
    </net>
    <net code="53" name="Net-(J5-Pad37)">
      <node ref="J5" pin="37"/>
    </net>
    <net code="54" name="Net-(J5-Pad36)">
      <node ref="J5" pin="36"/>
    </net>
    <net code="55" name="Net-(J5-Pad35)">
      <node ref="J5" pin="35"/>
    </net>
    <net code="56" name="Net-(J5-Pad34)">
      <node ref="J5" pin="34"/>
    </net>
    <net code="57" name="Net-(J5-Pad33)">
      <node ref="J5" pin="33"/>
    </net>
    <net code="58" name="Net-(J1-Pad12)">
      <node ref="J1" pin="12"/>
    </net>
    <net code="59" name="Net-(J1-Pad19)">
      <node ref="J1" pin="19"/>
    </net>
    <net code="60" name="Net-(J1-Pad17)">
      <node ref="J1" pin="17"/>
    </net>
    <net code="61" name="Net-(J1-Pad16)">
      <node ref="J1" pin="16"/>
    </net>
    <net code="62" name="Net-(J1-Pad15)">
      <node ref="J1" pin="15"/>
    </net>
    <net code="63" name="Net-(J1-Pad14)">
      <node ref="J1" pin="14"/>
    </net>
    <net code="64" name="Net-(J1-Pad13)">
      <node ref="J1" pin="13"/>
    </net>
  </nets>
</export>
